Control ID,Control Name,CCI,CCI Definition,Status,Risk Level,Assessment Date,Assessor,Comments
AC-1,Policy and Procedures,CCI-000002,"Disseminate the organization-level; mission/business process-level; and/or system-level access control policy that addresses purpose, scope, roles, responsibilities, management commitment, coordination among organizational entities, and compliance to organization-defined personnel or roles.",Compliant,,2024-12-15,ISSM,
AC-1,Policy and Procedures,CCI-000003,Review and update the current access control policy on an organization-defined frequency.,Compliant,,2024-12-15,ISSM,
AC-1,Policy and Procedures,CCI-000005,Disseminate procedures to facilitate the implementation of the organization-level; mission/business process-level; and/or system-level access control policy and associated access controls to the organization-defined personnel or roles.,Compliant,,2024-12-15,ISSM,
AC-1,Policy and Procedures,CCI-000006,Review and update the current access control procedures on an organization-defined frequency.,Compliant,,2024-12-15,ISSM,
AC-1,Policy and Procedures,CCI-001545,Defines a frequency for reviewing and updating the access control policy.,Compliant,,2024-12-15,ISSM,
AC-1,Policy and Procedures,CCI-001546,Defines a frequency for reviewing and updating the access control procedures.,Compliant,,2024-12-15,ISSM,
AC-1,Policy and Procedures,CCI-002107,Defines the personnel or roles to be recipients of the organization-level; mission/business process-level; and/or system-level access control policy necessary to facilitate the implementation of the access control policy and associated access controls.,Compliant,,2024-12-15,ISSM,
AC-1,Policy and Procedures,CCI-002108,Defines the personnel or roles to be recipients of the procedures necessary to facilitate the implementation of the organization-level; mission/business process-level; and/or system-level access control policy and associated access controls.,Compliant,,2024-12-15,ISSM,
AC-1,Policy and Procedures,CCI-003601,"Develop and document an organization-level; mission/business process-level; and/or system-level access control policy that is consistent with applicable laws, Executive Orders, directives, regulations, policies, standards, and guidelines.",Compliant,,2024-12-15,ISSM,
AC-1,Policy and Procedures,CCI-003602,"Develop and document an organization-level; mission/business process-level; and/or system-level access control policy that addresses purpose, scope, roles, responsibilities, management commitment, coordination among organizational entities, and compliance.",Compliant,,2024-12-15,ISSM,
AC-1,Policy and Procedures,CCI-003603,"Disseminate the organization-level; mission/business process-level; and/or system-level access control policy that is consistent with applicable laws, Executive Orders, directives, regulations, policies, standards, and guidelines to organization-defined personnel or roles.",Compliant,,2024-12-15,ISSM,
AC-1,Policy and Procedures,CCI-003604,Develop and document procedures to facilitate the implementation of the organization-level; mission/business process-level; and/or system-level access control policy and the associated access control.,Compliant,,2024-12-15,ISSM,
AC-1,Policy and Procedures,CCI-003605,Designate an organization-defined official to manage the development and documentation of the access control policy and procedures.,Compliant,,2024-12-15,ISSM,
AC-1,Policy and Procedures,CCI-003606,Designate an organization-defined official to manage the dissemination of the access control policy and procedures.,Compliant,,2024-12-15,ISSM,
AC-1,Policy and Procedures,CCI-003607,"Defines the official designated to manage the development, documentation, and dissemination of the access control policy and procedures.",Compliant,,2024-12-15,ISSM,
AC-1,Policy and Procedures,CCI-003608,Review and update the current access control policy following organization-defined events.,Compliant,,2024-12-15,ISSM,
AC-1,Policy and Procedures,CCI-003609,Defines the events following reviewing and updating the current access control policy.,Compliant,,2024-12-15,ISSM,
AC-1,Policy and Procedures,CCI-003610,Review and update the current access control procedures following organization-defined events.,Compliant,,2024-12-15,ISSM,
AC-1,Policy and Procedures,CCI-003611,Defines the events following reviewing and updating the current access control procedures.,Compliant,,2024-12-15,ISSM,
AC-2,Account Management,CCI-000010,Require approvals by organization-defined personnel or roles for requests to create accounts.,Compliant,,2024-12-15,ISSM,
AC-2,Account Management,CCI-000011,"Create, enable, modify, disable, and remove system accounts in accordance with organization-defined procedures.",Compliant,,2024-12-15,ISSM,
AC-2,Account Management,CCI-000012,Review accounts for compliance with account management requirements per organization-defined frequency.,Compliant,,2024-12-15,ISSM,
AC-2,Account Management,CCI-001547,Defines the frequency on which it will review information system accounts for compliance with account management requirements.,Compliant,,2024-12-15,ISSM,
AC-2,Account Management,CCI-002112,Assign account managers.,Compliant,,2024-12-15,ISSM,
AC-2,Account Management,CCI-002115,Specify authorized users of the system.,Compliant,,2024-12-15,ISSM,
AC-2,Account Management,CCI-002116,Specify authorized users of the group.,Compliant,,2024-12-15,ISSM,
AC-2,Account Management,CCI-002117,Specify authorized users of the role membership.,Compliant,,2024-12-15,ISSM,
AC-2,Account Management,CCI-002118,"Specify authorized access authorizations (i.e., privileges) for each account.",Compliant,,2024-12-15,ISSM,
AC-2,Account Management,CCI-002119,Specify organization-attributes (as required) for each account on the system.,Compliant,,2024-12-15,ISSM,
AC-2,Account Management,CCI-002120,Defines the personnel or roles authorized to approve the creation of accounts.,Compliant,,2024-12-15,ISSM,
AC-2,Account Management,CCI-002121,"Defines the procedures to be employed when creating, enabling, modifying, disabling, and removing information system accounts.",Compliant,,2024-12-15,ISSM,
AC-2,Account Management,CCI-002122,Monitor the use of accounts.,Compliant,,2024-12-15,ISSM,
AC-2,Account Management,CCI-002123,Notify account managers and organization-defined personnel or roles within an organization-defined time-period when accounts are no longer required.,Compliant,,2024-12-15,ISSM,
AC-2,Account Management,CCI-002124,Notify account managers and organization-defined personnel or roles within an organization-defined time-period when users are terminated or transferred.,Compliant,,2024-12-15,ISSM,
AC-2,Account Management,CCI-002125,Notify account managers and organization-defined personnel or roles within an organization-defined time-period when system usage or need-to-know changes for an individual.,Compliant,,2024-12-15,ISSM,
AC-2,Account Management,CCI-002126,Authorize access to the system based on a valid access authorization.,Non-Compliant,High,2024-12-15,ISSM,
AC-2,Account Management,CCI-002127,Authorize access to the system based on intended system usage.,Non-Compliant,High,2024-12-15,ISSM,
AC-2,Account Management,CCI-002128,Authorize access to the system based on organization-defined attributes (as required).,Non-Compliant,High,2024-12-15,ISSM,
AC-2,Account Management,CCI-002129,Establish and implement a process for changing shared or group account authenticators (if deployed) when individuals are removed from the group.,Non-Compliant,Moderate,2024-12-15,ISSM,
AC-2,Account Management,CCI-003612,Define and document the types of accounts allowed and specifically prohibited for use within the system.,Non-Compliant,Moderate,2024-12-15,ISSM,
AC-2,Account Management,CCI-003613,Require organization-defined prerequisites and criteria for group membership.,Non-Compliant,Moderate,2024-12-15,ISSM,
AC-2,Account Management,CCI-003614,Require organization-defined prerequisites and criteria for role membership.,Non-Compliant,Moderate,2024-12-15,ISSM,
AC-2,Account Management,CCI-003615,Defines the prerequisites and criteria for group and role membership.,Non-Compliant,Low,2024-12-15,ISSM,
AC-2,Account Management,CCI-003616,Defines the attributes (as required) for each account.,Non-Compliant,Low,2024-12-15,ISSM,
AC-2,Account Management,CCI-003617,"Create, enable, modify, disable, and remove system accounts in accordance with organization-defined policy.",Non-Compliant,Low,2024-12-15,ISSM,
AC-2,Account Management,CCI-003618,"Create, enable, modify, disable, and remove system accounts in accordance with organization-defined criteria.",Compliant,,2024-12-15,ISSM,
AC-2,Account Management,CCI-003619,"Create, enable, modify, disable, and remove system accounts in accordance with organization-defined prerequisites.",Compliant,,2024-12-15,ISSM,
AC-2,Account Management,CCI-003620,"Defines the policy to be employed when creating, enabling, modifying, disabling, and removing information system accounts.",Compliant,,2024-12-15,ISSM,
AC-2,Account Management,CCI-003621,"Defines the prerequisites to be employed when creating, enabling, modifying, disabling, and removing information system accounts.",Compliant,,2024-12-15,ISSM,
AC-2,Account Management,CCI-003622,"Defines the criteria to be employed when creating, enabling, modifying, disabling, and removing information system accounts.",Compliant,,2024-12-15,ISSM,
AC-2,Account Management,CCI-003623,Defines the personnel or roles of whom to notify when accounts are no longer required; when users are terminated or transferred; and when system usage or need-to-know changes for an individual.,,,,,
AC-2,Account Management,CCI-003624,Defines the time period of when to notify account managers for each situation.,,,,,
AC-2,Account Management,CCI-003625,Defines the attributes (as required) for authorizing access to the system.,,,,,
AC-2,Account Management,CCI-003626,Align account management processes with personnel termination and transfer processes.,,,,,
AC-2(1),Account Management | Automated System Account Management,CCI-000015,Support the management of system accounts using organization-defined automated mechanisms.,,,,,
AC-2(10),Account Management | Shared and Group Account Credential Change,N/A,No CCIs mapped,,,,,
AC-2(11),Account Management | Usage Conditions,CCI-002143,Defines the circumstances and/or usage conditions that are to be enforced for organization-defined information system accounts.,,,,,
AC-2(11),Account Management | Usage Conditions,CCI-002144,Defines the system accounts that are to be subject to the enforcement of organization-defined circumstances and/or usage conditions.,,,,,
AC-2(11),Account Management | Usage Conditions,CCI-002145,Enforce organization-defined circumstances and/or usage conditions for organization-defined system accounts.,,,,,
AC-2(12),Account Management | Account Monitoring for Atypical Usage,N/A,No CCIs mapped,,,,,
AC-2(13),Account Management | Disable Accounts for High-risk Individuals,CCI-002150,Defines the time period within which the accounts of users posing a significant risk are to be disabled after discovery of the risk.,,,,,
AC-2(13),Account Management | Disable Accounts for High-risk Individuals,CCI-002151,Disable accounts of individuals within an organization-defined time-period of discovery of organization-defined significant risk.,,,,,
AC-2(13),Account Management | Disable Accounts for High-risk Individuals,CCI-003637,Defines the significant risks that may be discovered requiring disabled accounts of individuals.,,,,,
AC-2(2),Account Management | Automated Temporary and Emergency Account Management,CCI-000016,Automatically remove or disable temporary and emergency accounts after an organization-defined time-period for each type of account.,,,,,
AC-2(2),Account Management | Automated Temporary and Emergency Account Management,CCI-001361,Defines a time period after which temporary accounts are automatically terminated.,,,,,
AC-2(2),Account Management | Automated Temporary and Emergency Account Management,CCI-001365,Defines a time period after which emergency accounts are automatically terminated.,,,,,
AC-2(2),Account Management | Automated Temporary and Emergency Account Management,CCI-001682,Automatically remove or disable emergency accounts after an organization-defined time period for each type of account.,,,,,
AC-2(3),Account Management | Disable Accounts,CCI-000217,Defines a time period after which inactive accounts are automatically disabled.,,,,,
AC-2(4),Account Management | Automated Audit Actions,CCI-000018,Automatically audit account creation actions.,,,,,
AC-2(4),Account Management | Automated Audit Actions,CCI-001403,Automatically audit account modification actions.,,,,,
AC-2(4),Account Management | Automated Audit Actions,CCI-001404,Automatically audit account disabling actions.,,,,,
AC-2(4),Account Management | Automated Audit Actions,CCI-001405,Automatically audit account removal actions.,,,,,
AC-2(4),Account Management | Automated Audit Actions,CCI-002130,Automatically audit account enabling actions.,,,,,
AC-2(5),Account Management | Inactivity Logout,CCI-000019,Require that users log out in accordance with the organization-defined time-period of expected inactivity or description of when to log out.,,,,,
AC-2(5),Account Management | Inactivity Logout,CCI-001406,Defines a time period of expected inactivity when users are required to log out.,,,,,
AC-2(5),Account Management | Inactivity Logout,CCI-002133,Defines other conditions when users are required to log out.,,,,,
AC-2(6),Account Management | Dynamic Privilege Management,CCI-002134,Defines a list of dynamic privilege management capabilities to be implemented.,,,,,
AC-2(6),Account Management | Dynamic Privilege Management,CCI-002135,Implement the organization-defined list of dynamic privilege management capabilities.,,,,,
AC-2(7),Account Management | Privileged User Accounts,N/A,No CCIs mapped,,,,,
AC-2(8),Account Management | Dynamic Account Management,CCI-002138,Defines the system accounts that can be dynamically created.,,,,,
AC-2(8),Account Management | Dynamic Account Management,CCI-002139,Create organization-defined system accounts dynamically.,,,,,
AC-2(8),Account Management | Dynamic Account Management,CCI-003631,Defines the system accounts that can be dynamically activated.,,,,,
AC-2(8),Account Management | Dynamic Account Management,CCI-003632,Activate organization-defined system accounts dynamically.,,,,,
AC-2(8),Account Management | Dynamic Account Management,CCI-003633,Defines the system accounts that can be dynamically managed.,,,,,
AC-2(8),Account Management | Dynamic Account Management,CCI-003634,Manage organization-defined system accounts dynamically.,,,,,
AC-2(8),Account Management | Dynamic Account Management,CCI-003635,Defines the system accounts that can be dynamically deactivated.,,,,,
AC-2(8),Account Management | Dynamic Account Management,CCI-003636,Deactivate organization-defined system accounts dynamically.,,,,,
AC-2(9),Account Management | Restrictions on Use of Shared and Group Accounts,CCI-002140,Defines the conditions for establishing shared/group accounts.,,,,,
AC-2(9),Account Management | Restrictions on Use of Shared and Group Accounts,CCI-002141,Only permit the use of shared and group accounts that meet organization-defined conditions for establishing shared and group accounts.,,,,,
AC-3,Access Enforcement,CCI-000213,Enforce approved authorizations for logical access to information and system resources in accordance with applicable access control policies.,,,,,
AC-3(1),Access Enforcement | Restricted Access to Privileged Functions,N/A,No CCIs mapped,,,,,
AC-3(10),Access Enforcement | Audited Override of Access Control Mechanisms,CCI-002185,Defines the conditions on which it will employ an audited override of automated access control mechanisms.,,,,,
AC-3(10),Access Enforcement | Audited Override of Access Control Mechanisms,CCI-002186,Employ an audited override of automated access control mechanisms under organization-defined conditions by organization-defined roles.,,,,,
AC-3(10),Access Enforcement | Audited Override of Access Control Mechanisms,CCI-003643,Defines the organization-defined roles for which it will employ an audited override of automated access control mechanisms.,,,,,
AC-3(11),Access Enforcement | Restrict Access to Specific Information Types,CCI-003644,Restrict direct access to data repositories containing organization-defined information types.,,,,,
AC-3(11),Access Enforcement | Restrict Access to Specific Information Types,CCI-003645,Defines the information types of which to restrict direct access to data repositories.,,,,,
AC-3(12),Access Enforcement | Assert and Enforce Application Access,N/A,No CCIs mapped,,,,,
AC-3(13),Access Enforcement | Attribute-based Access Control,CCI-003650,Enforce attribute-based access control policy over defined subjects and objects based upon organization-defined attributes to assume access permissions.,,,,,
AC-3(13),Access Enforcement | Attribute-based Access Control,CCI-003651,Defines the attributes to assume access permissions for enforcing attribute-based access control policy.,,,,,
AC-3(13),Access Enforcement | Attribute-based Access Control,CCI-003652,Enforce attribute-based control access over defined subjects and objects based upon organization-defined attributes to assume access permissions.,,,,,
AC-3(13),Access Enforcement | Attribute-based Access Control,CCI-003653,Defines the attributes to assume access permissions for enforcing attribute-based control access.,,,,,
AC-3(14),Access Enforcement | Individual Access,CCI-003654,Provide organization-defined mechanisms to enable individuals to have access to the following elements of their personally identifiable information: organization-defined elements.,,,,,
AC-3(14),Access Enforcement | Individual Access,CCI-003655,Defines the mechanisms to be provided for access to elements of personally identifiable information.,,,,,
AC-3(14),Access Enforcement | Individual Access,CCI-003656,Defines the elements of personally identifiable information.,,,,,
AC-3(15),Access Enforcement | Discretionary and Mandatory Access Control,N/A,No CCIs mapped,,,,,
AC-3(2),Access Enforcement | Dual Authorization,CCI-000021,Enforce dual authorization for organization-defined privileged commands and/or other organization-defined actions.,,,,,
AC-3(2),Access Enforcement | Dual Authorization,CCI-001408,Defines privileged commands for which dual authorization is to be enforced.,,,,,
AC-3(2),Access Enforcement | Dual Authorization,CCI-002152,Defines other actions necessary for which dual authorization is to be enforced.,,,,,
AC-3(3),Access Enforcement | Mandatory Access Control,CCI-002153,Defines the mandatory access control policies that are to be enforced over all subjects and objects.,,,,,
AC-3(3),Access Enforcement | Mandatory Access Control,CCI-003014,Enforce organization-defined mandatory access control policies over all subjects and objects.,,,,,
AC-3(4),Access Enforcement | Discretionary Access Control,CCI-002163,Defines the discretionary access control policies the information system is to enforce over subjects and objects.,,,,,
AC-3(4),Access Enforcement | Discretionary Access Control,CCI-002164,"Enforce organization-defined discretionary access control policy that over the set of covered subjects and objects specified in the policy, and where the policy specifies that a subject that has been granted access to information can do one or more of the following: pass the information to any other subjects or objects; grant its privileges to other subjects; change security attributes on subjects, objects, the system, or the system's components; choose the security attributes to be associated with newly created or revised objects; and/or change the rules governing access control.",,,,,
AC-3(4),Access Enforcement | Discretionary Access Control,CCI-002165,Enforce organization-defined discretionary access control policies over defined subjects and objects.,,,,,
AC-3(5),Access Enforcement | Security-relevant Information,CCI-000024,"Prevent access to organization-defined security-relevant information except during secure, non-operable system states.",,,,,
AC-3(5),Access Enforcement | Security-relevant Information,CCI-001411,"Defines security-relevant information to which the system prevents access except during secure, non-operable system states.",,,,,
AC-3(6),Access Enforcement | Protection of User and System Information,N/A,No CCIs mapped,,,,,
AC-3(7),Access Enforcement | Role-based Access Control,CCI-002166,Defines the role-based access control policies to enforce over all subjects and objects.,,,,,
AC-3(7),Access Enforcement | Role-based Access Control,CCI-002169,Enforce a role-based access control policy over defined subjects and objects based upon organization-defined roles and users authorized to assume such roles.,,,,,
AC-3(7),Access Enforcement | Role-based Access Control,CCI-002170,Control access based upon organization-defined roles and users authorized to assume such roles.,,,,,
AC-3(7),Access Enforcement | Role-based Access Control,CCI-002173,Defines the roles authorized to control access based upon the role-based access control policy.,,,,,
AC-3(7),Access Enforcement | Role-based Access Control,CCI-002174,Defines the users authorized to control access based upon the role-based access control policy.,,,,,
AC-3(8),Access Enforcement | Revocation of Access Authorizations,CCI-002177,Defines the rules governing the timing of revocation of access authorizations.,,,,,
AC-3(8),Access Enforcement | Revocation of Access Authorizations,CCI-002178,Enforce the revocation of access authorizations resulting from changes to the security attributes of subjects based on organization-defined rules governing the timing of revocations of access authorizations.,,,,,
AC-3(8),Access Enforcement | Revocation of Access Authorizations,CCI-002179,Enforce the revocation of access authorizations resulting from changes to the security attributes of objects based on organization-defined rules governing the timing of revocations of access authorizations.,,,,,
AC-3(9),Access Enforcement | Controlled Release,N/A,No CCIs mapped,,,,,
AC-4,Information Flow Enforcement,CCI-001368,Enforce approved authorizations for controlling the flow of information within the system based on organization-defined information flow control policies.,,,,,
AC-4,Information Flow Enforcement,CCI-001414,Enforce approved authorizations for controlling the flow of information between connected systems based on organization-defined information flow control policies.,,,,,
AC-4,Information Flow Enforcement,CCI-001548,Defines the information flow control policies for controlling the flow of information within the system.,,,,,
AC-4,Information Flow Enforcement,CCI-001549,Defines the information flow control policies for controlling the flow of information between interconnected systems.,,,,,
AC-4(1),Information Flow Enforcement | Object Security and Privacy Attributes,CCI-002187,Defines the security attributes to be used to enforce organization-defined information flow control policies.,,,,,
AC-4(1),Information Flow Enforcement | Object Security and Privacy Attributes,CCI-002188,"Defines the information, source, and destination objects with which the organization-defined security attributes are to be associated.",,,,,
AC-4(1),Information Flow Enforcement | Object Security and Privacy Attributes,CCI-002189,Defines the information flow control policies to be enforced for flow control decisions.,,,,,
AC-4(1),Information Flow Enforcement | Object Security and Privacy Attributes,CCI-002190,"Use organization-defined security attributes associated with organization-defined information, source, and destination objects to enforce organization-defined information flow control policies as a basis for flow control decisions.",,,,,
AC-4(1),Information Flow Enforcement | Object Security and Privacy Attributes,CCI-003661,Defines the privacy attributes to be used to enforce organization-defined information flow control policies.,,,,,
AC-4(10),Information Flow Enforcement | Enable and Disable Security or Privacy Policy Filters,CCI-000034,Provide the capability for privileged administrators to enable and disable organization-defined security or privacy filters under organization-defined conditions.,,,,,
AC-4(10),Information Flow Enforcement | Enable and Disable Security or Privacy Policy Filters,CCI-001553,Defines security or privacy policy filters that privileged administrators have the capability to enable and disable.,,,,,
AC-4(10),Information Flow Enforcement | Enable and Disable Security or Privacy Policy Filters,CCI-002199,Defines the conditions that provides the capability for privileged administrators to enable and disable organization-defined security policy filters.,,,,,
AC-4(11),Information Flow Enforcement | Configuration of Security or Privacy Policy Filters,CCI-000035,Provide the capability for privileged administrators to configure the organization-defined security or privacy policy filters to support different security or privacy policies.,,,,,
AC-4(11),Information Flow Enforcement | Configuration of Security or Privacy Policy Filters,CCI-001554,Defines the security or privacy policy filters that privileged administrators have the capability to configure.,,,,,
AC-4(12),Information Flow Enforcement | Data Type Identifiers,CCI-002200,Defines the data type identifiers to be used to validate data being transferred between different security domains.,,,,,
AC-4(12),Information Flow Enforcement | Data Type Identifiers,CCI-002201,"When transferring information between different security domains, use organization-defined data type identifiers to validate data essential for information flow decisions.",,,,,
AC-4(13),Information Flow Enforcement | Decomposition into Policy-relevant Subcomponents,CCI-000219,"When transferring information between different security domains, decompose information into organization-defined policy-relevant subcomponents for submission to policy enforcement mechanisms.",,,,,
AC-4(13),Information Flow Enforcement | Decomposition into Policy-relevant Subcomponents,CCI-002202,Defines the policy-relevant subcomponents into which information being transferred between different security domains is to be decomposed for submission to policy enforcement mechanisms.,,,,,
AC-4(14),Information Flow Enforcement | Security or Privacy Policy Filter Constraints,CCI-001371,Defines security or privacy policy filters requiring fully enumerated formats which are to be implemented when transferring information between different security domains.,,,,,
AC-4(14),Information Flow Enforcement | Security or Privacy Policy Filter Constraints,CCI-001372,"When transferring information between different security domains, implement organization-defined security or privacy policy filters requiring fully enumerated formats that restrict data structure and content.",,,,,
AC-4(15),Information Flow Enforcement | Detection of Unsanctioned Information,CCI-001373,"When transferring information between different security domains, examine the information for the presence of organization-defined unsanctioned information.",,,,,
AC-4(15),Information Flow Enforcement | Detection of Unsanctioned Information,CCI-001374,"When transferring information between different security domains, prohibit the transfer of such information in accordance with the organization-defined security or privacy policy.",,,,,
AC-4(15),Information Flow Enforcement | Detection of Unsanctioned Information,CCI-002203,Defines the unsanctioned information when transferring information between different security domains.,,,,,
AC-4(15),Information Flow Enforcement | Detection of Unsanctioned Information,CCI-002204,Defines the security or privacy policy which prohibits the transfer of unsanctioned information between different security domains.,,,,,
AC-4(16),Information Flow Enforcement | Information Transfers on Interconnected Systems,N/A,No CCIs mapped,,,,,
AC-4(17),Information Flow Enforcement | Domain Authentication,CCI-002205,"Uniquely identify and authenticate source by organization, system, application, service, and/or individual for information transfer.",,,,,
AC-4(17),Information Flow Enforcement | Domain Authentication,CCI-002207,"Uniquely identify and authenticate destination points by organization, system, application, service, and/or individual for information transfer.",,,,,
AC-4(18),Information Flow Enforcement | Security Attribute Binding,N/A,No CCIs mapped,,,,,
AC-4(19),Information Flow Enforcement | Validation of Metadata,CCI-002211,"When transferring information between different security domains, implement organization-defined security or privacy filters on metadata.",,,,,
AC-4(19),Information Flow Enforcement | Validation of Metadata,CCI-003666,Defines the security or privacy policy filters implemented when transferring information between security domains.,,,,,
AC-4(2),Information Flow Enforcement | Processing Domains,CCI-000026,Use protected processing domains to enforce organization-defined information flow control policies as a basis for flow control decisions.,,,,,
AC-4(2),Information Flow Enforcement | Processing Domains,CCI-002191,Defines the information flow control policies to be enforced by the information system using protected processing domains.,,,,,
AC-4(20),Information Flow Enforcement | Approved Solutions,CCI-002212,Defines the solutions in approved configurations to be employed to control the flow of organization-defined information across security domains.,,,,,
AC-4(20),Information Flow Enforcement | Approved Solutions,CCI-002213,Defines the information to be subjected to flow control across security domains.,,,,,
AC-4(20),Information Flow Enforcement | Approved Solutions,CCI-002214,Employ organization-defined solutions in approved configurations to control the flow of organization-defined information across security domains.,,,,,
AC-4(21),Information Flow Enforcement | Physical or Logical Separation of Information Flows,CCI-002215,Defines the mechanisms and/or techniques to be used to logically or physically separate information flows.,,,,,
AC-4(21),Information Flow Enforcement | Physical or Logical Separation of Information Flows,CCI-002216,Defines the types of information required to accomplish logical or physical separation of information flows.,,,,,
AC-4(21),Information Flow Enforcement | Physical or Logical Separation of Information Flows,CCI-002217,Separate information flows logically or physically using organization-defined mechanisms and/or techniques to accomplish organization-defined required separations by types of information.,,,,,
AC-4(22),Information Flow Enforcement | Access Only,CCI-002218,"Provide access from a single device to computing platforms, applications, or data residing on multiple different security domains, while preventing any information flow between the different security domains.",,,,,
AC-4(23),Information Flow Enforcement | Modify Non-releasable Information,CCI-003667,"When transferring information between security domains, modify non-releasable information by implementing organization-defined modification action.",,,,,
AC-4(23),Information Flow Enforcement | Modify Non-releasable Information,CCI-003668,Defines the modification action when transferring information between different security domains.,,,,,
AC-4(24),Information Flow Enforcement | Internal Normalized Format,CCI-003669,"When transferring information between different security domains, parse incoming data into an internal normalized format.",,,,,
AC-4(24),Information Flow Enforcement | Internal Normalized Format,CCI-003670,"When transferring information between different security domains, regenerate the data to be consistent with its intended specification.",,,,,
AC-4(25),Information Flow Enforcement | Data Sanitization,CCI-003671,"When transferring information between different security domains, sanitize data to minimize delivery of malicious content, command and control of malicious code, malicious code augmentation, and steganography encoded data; spillage of sensitive information in accordance with organization-defined policy.",,,,,
AC-4(25),Information Flow Enforcement | Data Sanitization,CCI-003672,Defines the policy when transferring information between different security domains.,,,,,
AC-4(26),Information Flow Enforcement | Audit Filtering Actions,CCI-003673,"When transferring information between different security domains, record and audit content filtering actions and results for the information being filtered.",,,,,
AC-4(27),Information Flow Enforcement | Redundant/independent Filtering Mechanisms,CCI-003674,"When transferring information between different security domains, implement content filtering solutions that provide redundant and independent filtering mechanisms for each data type.",,,,,
AC-4(28),Information Flow Enforcement | Linear Filter Pipelines,CCI-003675,"When transferring information between different security domains, implement a linear content filter pipeline that is enforced with discretionary and mandatory access controls.",,,,,
AC-4(29),Information Flow Enforcement | Filter Orchestration Engines,N/A,No CCIs mapped,,,,,
AC-4(3),Information Flow Enforcement | Dynamic Information Flow Control,CCI-000027,Enforce organization-defined information flow control policies.,,,,,
AC-4(3),Information Flow Enforcement | Dynamic Information Flow Control,CCI-002192,Defines the policies to enforce dynamic information flow control.,,,,,
AC-4(30),Information Flow Enforcement | Filter Mechanisms Using Multiple Processes,CCI-003678,"When transferring information between different security domains, implement content filtering mechanisms using multiple processes.",,,,,
AC-4(31),Information Flow Enforcement | Failed Content Transfer Prevention,CCI-003679,"When transferring information between different security domains, prevent the transfer of failed content to the receiving domain.",,,,,
AC-4(32),Information Flow Enforcement | Process Requirements for Information Transfer,N/A,No CCIs mapped,,,,,
AC-4(4),Information Flow Enforcement | Flow Control of Encrypted Information,CCI-000028,Prevent encrypted information from bypassing organization-defined flow control mechanisms by employing organization-defined procedures or methods.,,,,,
AC-4(4),Information Flow Enforcement | Flow Control of Encrypted Information,CCI-002193,"Defines procedures or methods to be employed to prevent encrypted information from bypassing flow control mechanisms, such as decrypting the information, blocking the flow of the encrypted information, and/or terminating communications sessions attempting to pass encrypted information.",,,,,
AC-4(4),Information Flow Enforcement | Flow Control of Encrypted Information,CCI-003662,Defines the information flow control mechanisms to prevent the bypassing of encrypted information.,,,,,
AC-4(5),Information Flow Enforcement | Embedded Data Types,CCI-000029,Enforce organization-defined limitations on embedding data types within other data types.,,,,,
AC-4(5),Information Flow Enforcement | Embedded Data Types,CCI-001415,Defines limitations for the embedding of data types within other data types.,,,,,
AC-4(6),Information Flow Enforcement | Metadata,CCI-000030,Enforce information flow control based on organization-defined metadata.,,,,,
AC-4(6),Information Flow Enforcement | Metadata,CCI-002194,Defines the metadata the information system uses to enforce information flow control.,,,,,
AC-4(7),Information Flow Enforcement | One-way Flow Mechanisms,CCI-000031,Enforce one-way information flows using hardware-based flow control mechanisms.,,,,,
AC-4(8),Information Flow Enforcement | Security and Privacy Policy Filters,N/A,No CCIs mapped,,,,,
AC-4(9),Information Flow Enforcement | Human Reviews,CCI-002196,Defines the information flows for which will enforce the use of human reviews under organization-defined conditions.,,,,,
AC-4(9),Information Flow Enforcement | Human Reviews,CCI-002197,Defines the conditions which will require the use of human reviews of organization-defined information flows.,,,,,
AC-4(9),Information Flow Enforcement | Human Reviews,CCI-002198,Enforce the use of human reviews for organization-defined information flows under organization-defined conditions.,,,,,
AC-5,Separation of Duties,CCI-002219,Defines the duties of individuals requiring separation.,,,,,
AC-5,Separation of Duties,CCI-002220,Define system access authorizations to support separation of duties.,,,,,
AC-5,Separation of Duties,CCI-003684,Identify and document organization-defined duties of individuals requiring separation.,,,,,
AC-6,Least Privilege,CCI-000225,"Employ the principle of least privilege, allowing only authorized accesses for users (or processes acting on behalf of users) which are necessary to accomplish assigned organizational tasks.",,,,,
AC-6(1),Least Privilege | Authorize Access to Security Functions,N/A,No CCIs mapped,,,,,
AC-6(10),Least Privilege | Prohibit Non-privileged Users from Executing Privileged Functions,CCI-002235,Prevent non-privileged users from executing privileged functions.,,,,,
AC-6(2),Least Privilege | Non-privileged Access for Nonsecurity Functions,CCI-000039,"Require that users of system accounts, or roles, with access to organization-defined security functions or security-relevant information, use non-privileged accounts or roles, when accessing nonsecurity functions.",,,,,
AC-6(2),Least Privilege | Non-privileged Access for Nonsecurity Functions,CCI-001419,"Defines the security functions or security-relevant information to which users of system accounts, or roles, have access.",,,,,
AC-6(3),Least Privilege | Network Access to Privileged Commands,CCI-000041,Authorize network access to organization-defined privileged commands only for organization-defined compelling operational needs.,,,,,
AC-6(3),Least Privilege | Network Access to Privileged Commands,CCI-000042,Document the rationale for authorized network access to organization-defined privileged commands in the security plan for the system.,,,,,
AC-6(3),Least Privilege | Network Access to Privileged Commands,CCI-001420,Defines the privileged commands to which network access is to be authorized only for organization-defined compelling operational needs.,,,,,
AC-6(3),Least Privilege | Network Access to Privileged Commands,CCI-002224,Defines the compelling operational needs that must be met in order to be authorized network access to organization-defined privileged commands.,,,,,
AC-6(4),Least Privilege | Separate Processing Domains,CCI-002225,Provide separate processing domains to enable finer-grained allocation of user privileges.,,,,,
AC-6(5),Least Privilege | Privileged Accounts,CCI-002226,Defines the personnel or roles to whom privileged accounts are to be restricted on the information system.,,,,,
AC-6(5),Least Privilege | Privileged Accounts,CCI-002227,Restrict privileged accounts on the system to organization-defined personnel or roles.,,,,,
AC-6(6),Least Privilege | Privileged Access by Non-organizational Users,CCI-001422,Prohibit privileged access to the system by non-organizational users.,,,,,
AC-6(7),Least Privilege | Review of User Privileges,N/A,No CCIs mapped,,,,,
AC-6(8),Least Privilege | Privilege Levels for Code Execution,CCI-002232,Defines the software that is prevented from executing at a higher privilege than users executing the software.,,,,,
AC-6(8),Least Privilege | Privilege Levels for Code Execution,CCI-002233,Prevent the organization-defined software from executing at higher privilege levels than users executing the software.,,,,,
AC-6(9),Least Privilege | Log Use of Privileged Functions,CCI-002234,Log the execution of privileged functions.,,,,,
AC-7,Unsuccessful Logon Attempts,CCI-000043,Defines the maximum number of consecutive invalid logon attempts to the information system by a user during an organization-defined time period.,,,,,
AC-7,Unsuccessful Logon Attempts,CCI-000044,Enforce the organization-defined limit of consecutive invalid logon attempts by a user during the organization-defined time period.,,,,,
AC-7,Unsuccessful Logon Attempts,CCI-001423,Defines the time period in which the organization-defined maximum number of consecutive invalid logon attempts occur.,,,,,
AC-7,Unsuccessful Logon Attempts,CCI-002236,Defines the time period the information system will automatically lock the account or node when the maximum number of unsuccessful logon attempts is exceeded.,,,,,
AC-7,Unsuccessful Logon Attempts,CCI-002237,Defines the delay algorithm to delay the next logon prompt when the maximum number of unsuccessful logon attempts is exceeded.,,,,,
AC-7,Unsuccessful Logon Attempts,CCI-002238,"Automatically lock the account or node for either an organization-defined time period, until the locked account or node is released by an administrator, or delays the next logon prompt according to the organization-defined delay algorithm when the maximum number of unsuccessful logon attempts is exceeded.",,,,,
AC-7(1),Unsuccessful Logon Attempts | Automatic Account Lock,N/A,No CCIs mapped,,,,,
AC-7(2),Unsuccessful Logon Attempts | Purge or Wipe Mobile Device,CCI-002239,"Defines the mobile devices that are to be purged or wiped after an organization-defined number of consecutive, unsuccessful device logon attempts.",,,,,
AC-7(2),Unsuccessful Logon Attempts | Purge or Wipe Mobile Device,CCI-002240,"Defines the purging or wiping requirements and techniques to be used on organization-defined mobile devices after an organization-defined number of consecutive, unsuccessful device logon attempts.",,,,,
AC-7(2),Unsuccessful Logon Attempts | Purge or Wipe Mobile Device,CCI-002241,"Defines the number of consecutive, unsuccessful device logon attempts after which the organization-defined mobile devices will be purged or wiped.",,,,,
AC-7(2),Unsuccessful Logon Attempts | Purge or Wipe Mobile Device,CCI-002242,"Purge or wipe information from organization-defined mobile devices based on organization-defined purging or wiping requirements and techniques after an organization-defined number of consecutive, unsuccessful device logon attempts.",,,,,
AC-7(3),Unsuccessful Logon Attempts | Biometric Attempt Limiting,CCI-003687,Limit the number of unsuccessful biometric logon attempts to an organization-defined number.,,,,,
AC-7(3),Unsuccessful Logon Attempts | Biometric Attempt Limiting,CCI-003688,Defines the number of allowed unsuccessful biometric logon attempts.,,,,,
AC-7(4),Unsuccessful Logon Attempts | Use of Alternate Authentication Factor,N/A,No CCIs mapped,,,,,
AC-8,System Use Notification,CCI-000048,"Display an organization-defined system use notification message or banner to users before granting access to the system that provides privacy and security notices consistent with applicable federal laws, Executive Orders, directives, policies, regulations, standards, and guidelines.",,,,,
AC-8,System Use Notification,CCI-000050,Retain the notification message or banner on the screen until users acknowledge the usage conditions and take explicit actions to log on to or further access the system.,,,,,
AC-8,System Use Notification,CCI-001384,"For publicly accessible systems, display system use information with organization-defined conditions before granting further access to the publicly accessible system.",,,,,
AC-8,System Use Notification,CCI-001385,"For publicly accessible systems, displays references, if any, to monitoring that are consistent with privacy accommodations for such systems that generally prohibit those activities.",,,,,
AC-8,System Use Notification,CCI-001386,"For publicly accessible systems, displays references, if any, to recording that are consistent with privacy accommodations for such systems that generally prohibit those activities.",,,,,
AC-8,System Use Notification,CCI-001387,"For publicly accessible systems, displays references, if any, to auditing that are consistent with privacy accommodations for such systems that generally prohibit those activities.",,,,,
AC-8,System Use Notification,CCI-001388,"For publicly accessible systems, includes a description of the authorized uses of the system.",,,,,
AC-8,System Use Notification,CCI-002243,Organization-defined system use notification message or banner is to state that users are accessing a U.S. Government system.,,,,,
AC-8,System Use Notification,CCI-002244,"Organization-defined system use notification message or banner is to state that system usage may be monitored, recorded, and subject to audit.",,,,,
AC-8,System Use Notification,CCI-002245,Organization-defined system use notification message or banner is to state that unauthorized use of the system is prohibited and subject to criminal and civil penalties.,,,,,
AC-8,System Use Notification,CCI-002246,Organization-defined system use notification message or banner is to state that use of the system indicates consent to monitoring and recording.,,,,,
AC-8,System Use Notification,CCI-002247,Defines the use notification message or banner the system displays to users before granting access to the system.,,,,,
AC-8,System Use Notification,CCI-002248,Defines the conditions of use which are to be displayed to users of the system before granting further access.,,,,,
AC-9,Previous Logon Notification,CCI-000052,"Notify the user, upon successful logon (access) to the system, of the date and time of the last logon (access).",,,,,
AC-9(1),Previous Logon Notification | Unsuccessful Logons,CCI-000053,"Notify the user, upon successful logon/access, of the number of unsuccessful logon/access attempts since the last successful logon/access.",,,,,
AC-9(2),Previous Logon Notification | Successful and Unsuccessful Logons,CCI-001389,Defines the time period that the system notifies the user of the number of successful logon/access attempts.,,,,,
AC-9(2),Previous Logon Notification | Successful and Unsuccessful Logons,CCI-001390,Defines the time period that the system notifies the user of the number of unsuccessful logon/access attempts.,,,,,
AC-9(2),Previous Logon Notification | Successful and Unsuccessful Logons,CCI-001391,"Notify the user, upon successful logon, of the number of successful logons/accesses during the organization-defined time period.",,,,,
AC-9(2),Previous Logon Notification | Successful and Unsuccessful Logons,CCI-001392,"Notify the user, upon successful logon, of the number of unsuccessful logon/access attempts during the organization-defined time period.",,,,,
AC-9(3),Previous Logon Notification | Notification of Account Changes,CCI-001393,"Defines the security-related characteristics/parameters of the user's account which, when changed, will result in a notification being provided to the user during the organization-defined time period.",,,,,
AC-9(3),Previous Logon Notification | Notification of Account Changes,CCI-001394,Defines the time period during which organization-defined security-related changes to the user's account are to be tracked.,,,,,
AC-9(3),Previous Logon Notification | Notification of Account Changes,CCI-001395,"Notify the user, upon successful logon, of changes to organization-defined security-related characteristics/parameters of the user's account during the organization-defined time-period.",,,,,
AC-9(4),Previous Logon Notification | Additional Logon Information,CCI-002249,Defines the additional information to be included in the notification to the user upon successful logon.,,,,,
AC-9(4),Previous Logon Notification | Additional Logon Information,CCI-002250,"Notify the user, upon successful logon, of the following additional information: organization-defined additional information.",,,,,
AC-10,Concurrent Session Control,CCI-000054,Limit the number of concurrent sessions for each organization-defined account and/or account type to an organization-defined number.,,,,,
AC-10,Concurrent Session Control,CCI-000055,Defines the maximum number of concurrent sessions to be allowed for each organization-defined account and/or account type.,,,,,
AC-10,Concurrent Session Control,CCI-002252,Defines the accounts and/or account types for which will limit the number of concurrent sessions.,,,,,
AC-11,Device Lock,CCI-000056,Retain the device lock until the user reestablishes access using established identification and authentication procedures.,,,,,
AC-11,Device Lock,CCI-000057,Prevent further access to the system by initiating a device lock after organization-defined time period of inactivity; and/or requiring the user to initiate a device lock before leaving the system unattended.,,,,,
AC-11,Device Lock,CCI-000059,Defines the time-period of inactivity after which the system initiates a device lock.,,,,,
AC-11(1),Device Lock | Pattern-hiding Displays,CCI-000060,"Conceal, via the device lock, information previously visible on the display with a publicly viewable image.",,,,,
AC-12,Session Termination,CCI-002360,Defines the conditions or trigger events requiring session disconnect when automatically terminating a user session.,,,,,
AC-12,Session Termination,CCI-002361,Automatically terminate a user session after organization-defined conditions or trigger events requiring session disconnect.,,,,,
AC-12(1),Session Termination | User-initiated Logouts,CCI-002362,Defines the information resources requiring authentication in order to gain access.,,,,,
AC-12(1),Session Termination | User-initiated Logouts,CCI-002363,Provide a logout capability for user-initiated communications sessions whenever authentication is used to gain access to organization-defined information resources.,,,,,
AC-12(2),Session Termination | Termination Message,CCI-002364,Display an explicit logout message to users indicating the reliable termination of authenticated communications sessions.,,,,,
AC-12(3),Session Termination | Timeout Warning Message,CCI-003693,Display an explicit message to users indicating that the session will end at an organization-defined time until end of session.,,,,,
AC-12(3),Session Termination | Timeout Warning Message,CCI-003694,"Defines the time until end of session, indicating the session will end.",,,,,
AC-13,Supervision and Review ' Access Control,N/A,No CCIs mapped,,,,,
AC-14,Permitted Actions Without Identification or Authentication,CCI-000061,Identify organization-defined user actions that can be performed on the system without identification or authentication consistent with organizational missions/business functions.,,,,,
AC-14,Permitted Actions Without Identification or Authentication,CCI-000232,"Document and provide supporting rationale in the security plan for the system, user actions not requiring identification and authentication.",,,,,
AC-14,Permitted Actions Without Identification or Authentication,CCI-003695,Defines the user actions that can be performed on the system without identification or authentication consistent with organizational missions/business functions.,,,,,
AC-14(1),Permitted Actions Without Identification or Authentication | Necessary Uses,N/A,No CCIs mapped,,,,,
AC-15,Automated Marking,N/A,No CCIs mapped,,,,,
AC-16,Security and Privacy Attributes,CCI-002256,Defines security attributes having organization-defined types of security attribute values which are associated with information in storage.,,,,,
AC-16,Security and Privacy Attributes,CCI-002257,Defines security attributes having organization-defined types of security attribute values which are associated with information in process.,,,,,
AC-16,Security and Privacy Attributes,CCI-002258,"Defines security attributes, having organization-defined types of security attribute values, which are associated with information in transmission.",,,,,
AC-16,Security and Privacy Attributes,CCI-002259,Defines security attribute values associated with organization-defined types of security attributes for information in storage.,,,,,
AC-16,Security and Privacy Attributes,CCI-002260,Defines security attribute values associated with organization-defined types of security attributes for information in process.,,,,,
AC-16,Security and Privacy Attributes,CCI-002261,Defines security attribute values associated with organization-defined types of security attributes for information in transmission.,,,,,
AC-16,Security and Privacy Attributes,CCI-002262,Provide the means to associate organization-defined types of security attributes having organization-defined security attribute values with information in storage.,,,,,
AC-16,Security and Privacy Attributes,CCI-002263,Provide the means to associate organization-defined types of security attributes having organization-defined security attribute values with information in process.,,,,,
AC-16,Security and Privacy Attributes,CCI-002264,Provide the means to associate organization-defined types of security attributes having organization-defined security attribute values with information in transmission.,,,,,
AC-16,Security and Privacy Attributes,CCI-002265,Ensure that the attribute associations are made and retained with the information.,,,,,
AC-16,Security and Privacy Attributes,CCI-002266,Ensure that the security attribute associations are retained with the information.,,,,,
AC-16,Security and Privacy Attributes,CCI-002267,Defines the security attributes that are permitted for organization-defined systems.,,,,,
AC-16,Security and Privacy Attributes,CCI-002268,Defines the systems for which permitted organization-defined attributes are to be established.,,,,,
AC-16,Security and Privacy Attributes,CCI-002269,Establish the following permitted organization-defined security attributes in AC-16a for organization-defined systems.,,,,,
AC-16,Security and Privacy Attributes,CCI-002270,Defines the attribute values or ranges permitted for each of the established security attributes.,,,,,
AC-16,Security and Privacy Attributes,CCI-002271,Determine organization-defined attribute values or ranges for each of the established attributes.,,,,,
AC-16,Security and Privacy Attributes,CCI-003696,Defines privacy attributes having organization-defined types of privacy attribute values which are associated with information in storage.,,,,,
AC-16,Security and Privacy Attributes,CCI-003697,Defines privacy attributes having organization-defined types of privacy attribute values which are associated with information in process.,,,,,
AC-16,Security and Privacy Attributes,CCI-003698,"Defines privacy attributes, having organization-defined types of privacy attribute values, which are associated with information in transmission.",,,,,
AC-16,Security and Privacy Attributes,CCI-003699,Defines privacy attribute values associated with organization-defined types of privacy attributes for information in storage.,,,,,
AC-16,Security and Privacy Attributes,CCI-003700,Defines privacy attribute values associated with organization-defined types of privacy attributes for information in process.,,,,,
AC-16,Security and Privacy Attributes,CCI-003701,Defines privacy attribute values associated with organization-defined types of privacy attributes for information in transmission.,,,,,
AC-16,Security and Privacy Attributes,CCI-003702,Ensure that the privacy attribute associations are made with the information.,,,,,
AC-16,Security and Privacy Attributes,CCI-003703,Ensure that the privacy attribute associations are restrained with the information.,,,,,
AC-16,Security and Privacy Attributes,CCI-003704,Establish the following permitted organization-defined privacy attributes defined in AC-16a for organization-defined systems.,,,,,
AC-16,Security and Privacy Attributes,CCI-003705,Defines the privacy attributes that are permitted for organization-defined systems.,,,,,
AC-16,Security and Privacy Attributes,CCI-003706,Defines the attribute values or ranges permitted for each of the established privacy attributes.,,,,,
AC-16,Security and Privacy Attributes,CCI-003707,Audit changes to the attributes.,,,,,
AC-16,Security and Privacy Attributes,CCI-003708,Review organization-defined security attributes for applicability on an organization-defined frequency.,,,,,
AC-16,Security and Privacy Attributes,CCI-003709,Review organization-defined privacy attributes for applicability on an organization-defined frequency.,,,,,
AC-16,Security and Privacy Attributes,CCI-003710,Defines the security and privacy attributes to be reviewed for applicability.,,,,,
AC-16,Security and Privacy Attributes,CCI-003711,Defines the frequency of which the security and privacy attributes will be reviewed.,,,,,
AC-16(1),Security and Privacy Attributes | Dynamic Attribute Association,CCI-001424,Dynamically associate security attributes with organization-defined subjects in accordance with organization-defined security policies as information is created and combined.,,,,,
AC-16(1),Security and Privacy Attributes | Dynamic Attribute Association,CCI-002272,Dynamically associate security attributes with organization-defined objects in accordance with organization-defined security policies as information is created and combined.,,,,,
AC-16(1),Security and Privacy Attributes | Dynamic Attribute Association,CCI-002273,Defines the security policies to adhere to when dynamically associating security attributes with organization-defined subjects and objects.,,,,,
AC-16(1),Security and Privacy Attributes | Dynamic Attribute Association,CCI-002274,Defines the subjects with which the system is to dynamically associate security attributes as information is created and combined.,,,,,
AC-16(1),Security and Privacy Attributes | Dynamic Attribute Association,CCI-002275,Defines the objects with which the system is to dynamically associate security attributes as information is created and combined.,,,,,
AC-16(1),Security and Privacy Attributes | Dynamic Attribute Association,CCI-003712,Dynamically associate privacy attributes with organization-defined subjects in accordance with organization-defined privacy policies as information is created and combined.,,,,,
AC-16(1),Security and Privacy Attributes | Dynamic Attribute Association,CCI-003713,Dynamically associate privacy attributes with organization-defined objects in accordance with organization-defined privacy policies as information is created and combined.,,,,,
AC-16(1),Security and Privacy Attributes | Dynamic Attribute Association,CCI-003714,Defines the privacy policies to adhere to when dynamically associating security attributes with organization-defined subjects and objects.,,,,,
AC-16(10),Security and Privacy Attributes | Attribute Configuration by Authorized Individuals,CCI-002306,Provide authorized individuals the capability to define or change the type of security attributes available for association with subjects.,,,,,
AC-16(10),Security and Privacy Attributes | Attribute Configuration by Authorized Individuals,CCI-002307,Provide authorized individuals the capability to define or change the value of security attributes available for association with subjects.,,,,,
AC-16(10),Security and Privacy Attributes | Attribute Configuration by Authorized Individuals,CCI-002308,Provide authorized individuals the capability to define or change the type of security attributes available for association with objects.,,,,,
AC-16(10),Security and Privacy Attributes | Attribute Configuration by Authorized Individuals,CCI-002309,Provide authorized individuals the capability to define or change the value of security attributes available for association with objects.,,,,,
AC-16(10),Security and Privacy Attributes | Attribute Configuration by Authorized Individuals,CCI-003743,Provide authorized individuals the capability to define or change the type of privacy attributes available for association with subjects.,,,,,
AC-16(10),Security and Privacy Attributes | Attribute Configuration by Authorized Individuals,CCI-003744,Provide authorized individuals the capability to define or change the value of privacy attributes available for association with subjects.,,,,,
AC-16(10),Security and Privacy Attributes | Attribute Configuration by Authorized Individuals,CCI-003745,Provide authorized individuals the capability to define or change the type of privacy attributes available for association with objects.,,,,,
AC-16(10),Security and Privacy Attributes | Attribute Configuration by Authorized Individuals,CCI-003746,Provide authorized individuals the capability to define or change the value of privacy attributes available for association with objects.,,,,,
AC-16(2),Security and Privacy Attributes | Attribute Value Changes by Authorized Individuals,CCI-001425,Provides authorized individuals (or processes acting on behalf of individuals) the capability to change the value of associated security attributes.,,,,,
AC-16(2),Security and Privacy Attributes | Attribute Value Changes by Authorized Individuals,CCI-002277,Provides authorized individuals (or processes acting on behalf of individuals) the capability to define the value of associated security attributes.,,,,,
AC-16(2),Security and Privacy Attributes | Attribute Value Changes by Authorized Individuals,CCI-003715,Provides authorized individuals (or processes acting on behalf of individuals) the capability to change the value of associated privacy attributes.,,,,,
AC-16(2),Security and Privacy Attributes | Attribute Value Changes by Authorized Individuals,CCI-003716,Provides authorized individuals (or processes acting on behalf of individuals) the capability to define the value of associated privacy attributes.,,,,,
AC-16(3),Security and Privacy Attributes | Maintenance of Attribute Associations by System,CCI-002278,Defines the security attributes for which the association and integrity to organization-defined subjects and objects is maintained.,,,,,
AC-16(3),Security and Privacy Attributes | Maintenance of Attribute Associations by System,CCI-002279,Defines the subjects for which the association and integrity of organization-defined security attributes is maintained.,,,,,
AC-16(3),Security and Privacy Attributes | Maintenance of Attribute Associations by System,CCI-002280,Defines the objects for which the association and integrity of organization-defined security attributes is maintained.,,,,,
AC-16(3),Security and Privacy Attributes | Maintenance of Attribute Associations by System,CCI-002281,Maintain the association of organization-defined security attributes to organization-defined subjects.,,,,,
AC-16(3),Security and Privacy Attributes | Maintenance of Attribute Associations by System,CCI-002282,Maintain the association of organization-defined security attributes to organization-defined objects.,,,,,
AC-16(3),Security and Privacy Attributes | Maintenance of Attribute Associations by System,CCI-002283,Maintain the integrity of organization-defined security attributes associated with organization-defined subjects.,,,,,
AC-16(3),Security and Privacy Attributes | Maintenance of Attribute Associations by System,CCI-002284,Maintain the integrity of organization-defined security attributes associated with organization-defined objects.,,,,,
AC-16(3),Security and Privacy Attributes | Maintenance of Attribute Associations by System,CCI-003717,Defines the privacy attributes for which the association and integrity to organization-defined subjects and objects is maintained.,,,,,
AC-16(3),Security and Privacy Attributes | Maintenance of Attribute Associations by System,CCI-003718,Maintain the association of organization-defined privacy attributes to organization-defined subjects.,,,,,
AC-16(3),Security and Privacy Attributes | Maintenance of Attribute Associations by System,CCI-003719,Maintain the association of organization-defined privacy attributes to organization-defined objects.,,,,,
AC-16(3),Security and Privacy Attributes | Maintenance of Attribute Associations by System,CCI-003720,Maintain the integrity of organization-defined privacy attributes associated with organization-defined subjects.,,,,,
AC-16(3),Security and Privacy Attributes | Maintenance of Attribute Associations by System,CCI-003721,Maintain the integrity of organization-defined privacy attributes associated with organization-defined objects.,,,,,
AC-16(4),Security and Privacy Attributes | Association of Attributes by Authorized Individuals,CCI-002286,Defines the subjects with which organization-defined security attributes may be associated by authorized individuals (or processes acting on behalf of individuals).,,,,,
AC-16(4),Security and Privacy Attributes | Association of Attributes by Authorized Individuals,CCI-002287,Defines the objects with which organization-defined security attributes may be associated by authorized individuals (or processes acting on behalf of individuals).,,,,,
AC-16(4),Security and Privacy Attributes | Association of Attributes by Authorized Individuals,CCI-002288,Defines the security attributes authorized individuals (or processes acting on behalf of individuals) are permitted to associate with organization-defined subjects and objects.,,,,,
AC-16(4),Security and Privacy Attributes | Association of Attributes by Authorized Individuals,CCI-002289,Provide the capability to associate organization-defined security attributes with organization-defined subjects by authorized individuals (or processes acting on behalf of individuals).,,,,,
AC-16(4),Security and Privacy Attributes | Association of Attributes by Authorized Individuals,CCI-002290,Provide the capability to associate organization-defined security attributes with organization-defined objects by authorized individuals (or processes acting on behalf of individuals).,,,,,
AC-16(4),Security and Privacy Attributes | Association of Attributes by Authorized Individuals,CCI-003722,Defines the subjects with which organization-defined privacy attributes may be associated by authorized individuals (or processes acting on behalf of individuals).,,,,,
AC-16(4),Security and Privacy Attributes | Association of Attributes by Authorized Individuals,CCI-003723,Defines the objects with which organization-defined privacy attributes may be associated by authorized individuals (or processes acting on behalf of individuals).,,,,,
AC-16(4),Security and Privacy Attributes | Association of Attributes by Authorized Individuals,CCI-003724,Defines the privacy attributes authorized individuals (or processes acting on behalf of individuals) are permitted to associate with organization-defined subjects and objects.,,,,,
AC-16(4),Security and Privacy Attributes | Association of Attributes by Authorized Individuals,CCI-003725,Provide the capability to associate organization-defined privacy attributes with organization-defined subjects by authorized individuals (or processes acting on behalf of individuals).,,,,,
AC-16(4),Security and Privacy Attributes | Association of Attributes by Authorized Individuals,CCI-003726,Provide the capability to associate organization-defined privacy attributes with organization-defined objects by authorized individuals (or processes acting on behalf of individuals).,,,,,
AC-16(5),Security and Privacy Attributes | Attribute Displays on Objects to Be Output,CCI-001428,"Display security attributes in human-readable form on each object that the system transmits to output devices to identify organization-identified special dissemination, handling, or distribution instructions using organization-identified human-readable, standard naming conventions.",,,,,
AC-16(5),Security and Privacy Attributes | Attribute Displays on Objects to Be Output,CCI-001429,"Identify special dissemination, handling, or distribution instructions for identifying security attributes on output.",,,,,
AC-16(5),Security and Privacy Attributes | Attribute Displays on Objects to Be Output,CCI-001430,"Identify human-readable, standard naming conventions for identifying security attributes on output.",,,,,
AC-16(5),Security and Privacy Attributes | Attribute Displays on Objects to Be Output,CCI-003727,"Displays privacy attributes in human-readable form on each object that the system transmits to output devices to identify organization-identified special dissemination, handling, or distribution instructions using organization-identified human-readable, standard naming conventions.",,,,,
AC-16(5),Security and Privacy Attributes | Attribute Displays on Objects to Be Output,CCI-003728,"Identifies special dissemination, handling, or distribution instructions for identifying privacy attributes on output.",,,,,
AC-16(5),Security and Privacy Attributes | Attribute Displays on Objects to Be Output,CCI-003729,"Identifies human-readable, standard naming conventions for identifying privacy attributes on output.",,,,,
AC-16(6),Security and Privacy Attributes | Maintenance of Attribute Association,CCI-002291,Defines the security policies to be followed by personnel when associating organization-defined security attributes with organization-defined subjects and objects.,,,,,
AC-16(6),Security and Privacy Attributes | Maintenance of Attribute Association,CCI-002292,Defines the security attributes which are to be associated with organization-defined subjects and objects.,,,,,
AC-16(6),Security and Privacy Attributes | Maintenance of Attribute Association,CCI-002293,"Defines the subjects to be associated, and that association maintained, with organization-defined security attributes in accordance with organization-defined security policies.",,,,,
AC-16(6),Security and Privacy Attributes | Maintenance of Attribute Association,CCI-002294,"Defines the objects to be associated, and that association maintained, with organization-defined security attributes in accordance with organization-defined security policies.",,,,,
AC-16(6),Security and Privacy Attributes | Maintenance of Attribute Association,CCI-002295,Require personnel to associate organization-defined security attributes with organization-defined subjects in accordance with organization-defined security policies.,,,,,
AC-16(6),Security and Privacy Attributes | Maintenance of Attribute Association,CCI-002296,Require personnel to associate organization-defined security attributes with organization-defined objects in accordance with organization-defined security policies.,,,,,
AC-16(6),Security and Privacy Attributes | Maintenance of Attribute Association,CCI-002297,Require personnel to maintain the association of organization-defined security attributes with organization-defined subjects in accordance with organization-defined security policies.,,,,,
AC-16(6),Security and Privacy Attributes | Maintenance of Attribute Association,CCI-002298,Require personnel to maintain the association of organization-defined security attributes with organization-defined objects in accordance with organization-defined security policies.,,,,,
AC-16(6),Security and Privacy Attributes | Maintenance of Attribute Association,CCI-003730,Defines the privacy policies to be followed by personnel when associating organization-defined privacy attributes with organization-defined subjects and objects.,,,,,
AC-16(6),Security and Privacy Attributes | Maintenance of Attribute Association,CCI-003731,Defines the privacy attributes which are to be associated with organization-defined subjects and objects.,,,,,
AC-16(6),Security and Privacy Attributes | Maintenance of Attribute Association,CCI-003732,"Defines the subjects to be associated, and that association maintained, with organization-defined privacy attributes in accordance with organization-defined privacy policies.",,,,,
AC-16(6),Security and Privacy Attributes | Maintenance of Attribute Association,CCI-003733,"Defines the objects to be associated, and that association maintained, with organization-defined privacy attributes in accordance with organization-defined privacy policies.",,,,,
AC-16(6),Security and Privacy Attributes | Maintenance of Attribute Association,CCI-003734,Require personnel to associate organization-defined privacy attributes with organization-defined subjects in accordance with organization-defined privacy policies.,,,,,
AC-16(6),Security and Privacy Attributes | Maintenance of Attribute Association,CCI-003735,Require personnel to associate organization-defined privacy attributes with organization-defined objects in accordance with organization-defined privacy policies.,,,,,
AC-16(6),Security and Privacy Attributes | Maintenance of Attribute Association,CCI-003736,Require personnel to maintain the association of organization-defined privacy attributes with organization-defined subjects in accordance with organization-defined privacy policies.,,,,,
AC-16(6),Security and Privacy Attributes | Maintenance of Attribute Association,CCI-003737,Require personnel to maintain the association of organization-defined privacy attributes with organization-defined objects in accordance with organization-defined privacy policies.,,,,,
AC-16(7),Security and Privacy Attributes | Consistent Attribute Interpretation,CCI-002299,Provide a consistent interpretation of security attributes transmitted between distributed system components.,,,,,
AC-16(7),Security and Privacy Attributes | Consistent Attribute Interpretation,CCI-003738,Provide a consistent interpretation of privacy attributes transmitted between distributed system components.,,,,,
AC-16(8),Security and Privacy Attributes | Association Techniques and Technologies,CCI-002300,Defines the techniques and technologies to be implemented when associating security attributes with information.,,,,,
AC-16(8),Security and Privacy Attributes | Association Techniques and Technologies,CCI-002301,Defines the level of assurance to be provided when implementing organization-defined techniques and technologies in associating security attributes to information.,,,,,
AC-16(8),Security and Privacy Attributes | Association Techniques and Technologies,CCI-002302,Implement organization-defined techniques and technologies with an organization-defined level of assurance in associating security attributes to information.,,,,,
AC-16(8),Security and Privacy Attributes | Association Techniques and Technologies,CCI-003739,Defines the techniques and technologies to be implemented when associating security attributes to information.,,,,,
AC-16(8),Security and Privacy Attributes | Association Techniques and Technologies,CCI-003740,Defines the level of assurance to be provided when implementing organization-defined techniques and technologies in associating privacy attributes to information.,,,,,
AC-16(8),Security and Privacy Attributes | Association Techniques and Technologies,CCI-003741,Implement organization-defined techniques and technologies with an organization-defined level of assurance in associating privacy attributes to information.,,,,,
AC-16(9),Security and Privacy Attributes | Attribute Reassignment ' Regrading Mechanisms,CCI-002303,Defines the techniques or procedures to be employed to validate re-grading mechanisms.,,,,,
AC-16(9),Security and Privacy Attributes | Attribute Reassignment ' Regrading Mechanisms,CCI-002304,Change security attributes associated with information are reassigned only via re-grading mechanisms validated using organization-defined techniques or procedures.,,,,,
AC-16(9),Security and Privacy Attributes | Attribute Reassignment ' Regrading Mechanisms,CCI-003742,Change privacy attributes associated with information are reassigned only via re-grading mechanisms validated using organization-defined techniques or procedures.,,,,,
AC-17,Remote Access,CCI-000065,Authorize remote access to the system prior to allowing such connections.,,,,,
AC-17,Remote Access,CCI-002310,Establish and document usage restrictions for each type of remote access allowed.,,,,,
AC-17,Remote Access,CCI-002311,Establish and document configuration/connection requirements for each type of remote access allowed.,,,,,
AC-17,Remote Access,CCI-002312,Establish and document implementation guidance for each type of remote access allowed.,,,,,
AC-17(1),Remote Access | Monitoring and Control,CCI-000067,Employ automated mechanisms to monitor remote access methods.,,,,,
AC-17(1),Remote Access | Monitoring and Control,CCI-002314,Employ automated mechanisms to control remote access methods.,,,,,
AC-17(10),Remote Access | Authenticate Remote Commands,CCI-003747,Implement organization-defined mechanisms to authenticate organization-defined remote commands.,,,,,
AC-17(10),Remote Access | Authenticate Remote Commands,CCI-003748,Defines the mechanisms used to authenticate organization-defined remote commands.,,,,,
AC-17(10),Remote Access | Authenticate Remote Commands,CCI-003749,Defines the remote commands used for implementing organization-defined mechanisms.,,,,,
AC-17(2),Remote Access | Protection of Confidentiality and Integrity Using Encryption,CCI-000068,Implement cryptographic mechanisms to protect the confidentiality of remote access sessions.,,,,,
AC-17(2),Remote Access | Protection of Confidentiality and Integrity Using Encryption,CCI-001453,Implement cryptographic mechanisms to protect the integrity of remote access sessions.,,,,,
AC-17(3),Remote Access | Managed Access Control Points,CCI-000069,Route all remote accesses through authorized and managed network access control points.,,,,,
AC-17(4),Remote Access | Privileged Commands and Access,N/A,No CCIs mapped,,,,,
AC-17(5),Remote Access | Monitoring for Unauthorized Connections,N/A,No CCIs mapped,,,,,
AC-17(6),Remote Access | Protection of Mechanism Information,CCI-000072,Protect information about remote access mechanisms from unauthorized use and disclosure.,,,,,
AC-17(7),Remote Access | Additional Protection for Security Function Access,N/A,No CCIs mapped,,,,,
AC-17(8),Remote Access | Disable Nonsecure Network Protocols,N/A,No CCIs mapped,,,,,
AC-17(9),Remote Access | Disconnect or Disable Access,CCI-002321,Defines the time-period within which it disconnects or disables remote access to the system.,,,,,
AC-17(9),Remote Access | Disconnect or Disable Access,CCI-002322,Provide the capability to disconnect or disable remote access to the system within the organization-defined time period.,,,,,
AC-18,Wireless Access,CCI-001439,Establish implementation guidance for wireless access.,,,,,
AC-18,Wireless Access,CCI-001441,Authorize each type of wireless access to the system prior to allowing such connections.,,,,,
AC-18,Wireless Access,CCI-002323,Establish configuration requirements and connection requirements for wireless access.,,,,,
AC-18(1),Wireless Access | Authentication and Encryption,CCI-001443,Protect wireless access to the system using authentication of users and/or devices.,,,,,
AC-18(1),Wireless Access | Authentication and Encryption,CCI-001444,Protect wireless access to the system using encryption.,,,,,
AC-18(2),Wireless Access | Monitoring Unauthorized Connections,N/A,No CCIs mapped,,,,,
AC-18(3),Wireless Access | Disable Wireless Networking,CCI-001449,"Disable, when not intended for use, wireless networking capabilities internally embedded within system components prior to issuance and deployment.",,,,,
AC-18(4),Wireless Access | Restrict Configurations by Users,CCI-002324,Identify and explicitly authorize users allowed to independently configure wireless networking capabilities.,,,,,
AC-18(5),Wireless Access | Antennas and Transmission Power Levels,CCI-001451,Select radio antennas and calibrate transmission power levels to reduce the probability that signals from wireless access points can be received outside of organization-controlled boundaries.,,,,,
AC-19,Access Control for Mobile Devices,CCI-000083,"Establish implementation guidance for organization-controlled mobile devices, to include when such devices are outside of controlled areas.",,,,,
AC-19,Access Control for Mobile Devices,CCI-000084,Authorize connection of mobile devices to organizational systems.,,,,,
AC-19,Access Control for Mobile Devices,CCI-002325,"Establish configuration requirements for organization-controlled mobile devices, to include when such devices are outside of controlled areas.",,,,,
AC-19,Access Control for Mobile Devices,CCI-002326,"Establish connection requirements for organization-controlled mobile devices, to include when such devices are outside of controlled areas.",,,,,
AC-19(1),Access Control for Mobile Devices | Use of Writable and Portable Storage Devices,N/A,No CCIs mapped,,,,,
AC-19(2),Access Control for Mobile Devices | Use of Personally Owned Portable Storage Devices,N/A,No CCIs mapped,,,,,
AC-19(3),Access Control for Mobile Devices | Use of Portable Storage Devices with No Identifiable Owner,N/A,No CCIs mapped,,,,,
AC-19(4),Access Control for Mobile Devices | Restrictions for Classified Information,N/A,No CCIs mapped,,,,,
AC-19(5),Access Control for Mobile Devices | Full Device or Container-based Encryption,CCI-002329,Defines the mobile devices that are to employ full-device or container encryption to protect the confidentiality and integrity of the information on the device.,,,,,
AC-19(5),Access Control for Mobile Devices | Full Device or Container-based Encryption,CCI-002330,Employ full-device encryption or container encryption to protect the confidentiality of information on organization-defined mobile devices.,,,,,
AC-19(5),Access Control for Mobile Devices | Full Device or Container-based Encryption,CCI-002331,Employ full-device encryption or container encryption to protect the integrity of information on organization-defined mobile devices.,,,,,
AC-20,Use of External Systems,CCI-000093,"Establish organization-defined terms and conditions, and/or identify organization-defined controls asserted to be implemented on external systems, consistent with the trust relationships established with other organizations owning, operating, and/or maintaining external systems, allowing authorized individuals to access the system from the external systems.",,,,,
AC-20,Use of External Systems,CCI-002332,"Establish organization-defined terms and conditions, and/or identify organization-defined controls asserted to be implemented on external systems, consistent with the trust relationships established with other organizations owning, operating, and/or maintaining external systems, allowing authorized individuals to process, store, or transmit organization-controlled information using the external systems.",,,,,
AC-20,Use of External Systems,CCI-003750,Defines the terms and conditions for accessing the system from external systems.,,,,,
AC-20,Use of External Systems,CCI-003751,Defines the controls asserted to be implemented on external systems allowing individuals to access the system from external systems.,,,,,
AC-20,Use of External Systems,CCI-003752,"Defines the terms and conditions for processing, storing, or transmitting organization-controlled information using external systems.",,,,,
AC-20,Use of External Systems,CCI-003753,"Defines the controls asserted to be implemented on external systems allowing individuals to process, store, or transmit organization-controlled information using external systems.",,,,,
AC-20,Use of External Systems,CCI-003754,Prohibit the use of organizationally-defined types of external systems.,,,,,
AC-20,Use of External Systems,CCI-003755,Defines the types of external systems that are prohibited.,,,,,
AC-20(1),Use of External Systems | Limits on Authorized Use,N/A,No CCIs mapped,,,,,
AC-20(2),Use of External Systems | Portable Storage Devices ' Restricted Use,CCI-000097,Restrict the use of organization-controlled portable storage devices by authorized individuals on external systems using organization-defined restrictions.,,,,,
AC-20(2),Use of External Systems | Portable Storage Devices ' Restricted Use,CCI-003758,Defines the restrictions for the use of organization-controlled portable storage devices.,,,,,
AC-20(3),Use of External Systems | Non-organizationally Owned Systems ' Restricted Use,CCI-002338,"Restrict the use of non-organizationally owned systems or system components to process, store, or transmit organizational information using organization-defined restrictions.",,,,,
AC-20(4),Use of External Systems | Network Accessible Storage Devices ' Prohibited Use,CCI-002339,Defines the network accessible storage devices that are to be prohibited from being used in external systems.,,,,,
AC-20(4),Use of External Systems | Network Accessible Storage Devices ' Prohibited Use,CCI-002340,Prohibit the use of organization-defined network accessible storage devices in external systems.,,,,,
AC-20(5),Use of External Systems | Portable Storage Devices ' Prohibited Use,CCI-003759,Prohibit the use of organization-controlled portable storage devices by authorized individuals on external systems.,,,,,
AC-21,Information Sharing,CCI-000098,Enable authorized users to determine whether access authorizations assigned to the sharing partner match the information's access and use restrictions for organization-defined information sharing circumstances where user discretion is required.,,,,,
AC-21,Information Sharing,CCI-001470,Defines information sharing circumstances where user discretion is required.,,,,,
AC-21,Information Sharing,CCI-001471,Employ organization-defined automated mechanisms or manual processes required to assist users in making information sharing/collaboration decisions.,,,,,
AC-21,Information Sharing,CCI-001472,Defines the automated mechanisms or manual processes required to assist users in making information sharing/collaboration decisions.,,,,,
AC-21(1),Information Sharing | Automated Decision Support,CCI-000099,Employ organization-defined automated mechanisms to enforce information-sharing decisions by authorized users based on access authorizations of sharing partners and access restrictions on information to be shared.,,,,,
AC-21(2),Information Sharing | Information Search and Retrieval,CCI-002341,Defines the information sharing restrictions to be enforced when implementing information search and retrieval services.,,,,,
AC-21(2),Information Sharing | Information Search and Retrieval,CCI-002342,Implement information search and retrieval services that enforce organization-defined information sharing restrictions.,,,,,
AC-22,Publicly Accessible Content,CCI-001473,Designate individuals authorized to post information onto a publicly accessible system.,,,,,
AC-22,Publicly Accessible Content,CCI-001474,Train authorized individuals to ensure that publicly accessible information does not contain nonpublic information.,,,,,
AC-22,Publicly Accessible Content,CCI-001475,Review the proposed content of information prior to posting onto the publicly accessible system to ensure that nonpublic information is not included.,,,,,
AC-22,Publicly Accessible Content,CCI-001476,Review the content on the publicly accessible system for nonpublic information on an organization-defined frequency.,,,,,
AC-22,Publicly Accessible Content,CCI-001477,Defines a frequency for reviewing the content on the publicly accessible system for nonpublic information.,,,,,
AC-22,Publicly Accessible Content,CCI-001478,"Remove nonpublic information from the publicly accessible system, if discovered.",,,,,
AC-23,Data Mining Protection,CCI-002343,Defines the data mining prevention techniques to be employed to protect organization-defined data storage objects against data mining.,,,,,
AC-23,Data Mining Protection,CCI-002344,Defines the data mining detection techniques to be employed to detect data mining attempts against organization-defined data storage objects.,,,,,
AC-23,Data Mining Protection,CCI-002345,Defines the data storage objects that are to be protected against data mining attempts.,,,,,
AC-23,Data Mining Protection,CCI-002346,Employ organization-defined data mining prevention techniques for organization-defined data storage objects to protect against unauthorized data mining.,,,,,
AC-23,Data Mining Protection,CCI-002347,Employ organization-defined data mining detection techniques for organization-defined data storage objects to detect data mining attempts.,,,,,
AC-24,Access Control Decisions,CCI-002348,Defines the access control decisions that are to be applied to each access request prior to access enforcement.,,,,,
AC-24,Access Control Decisions,CCI-002349,Establish procedures or implement mechanisms to ensure organization-defined access control decisions are applied to each access request prior to access enforcement.,,,,,
AC-24(1),Access Control Decisions | Transmit Access Authorization Information,CCI-002350,Defines the access authorization information that is to be transmitted using organization-defined security safeguards to organization-defined systems that enforce access control decisions.,,,,,
AC-24(1),Access Control Decisions | Transmit Access Authorization Information,CCI-002351,Defines the controls to be employed when transmitting organization-defined access authorization information to organization-defined systems that enforce access control decisions.,,,,,
AC-24(1),Access Control Decisions | Transmit Access Authorization Information,CCI-002352,Defines the systems that are to be recipients of organization-defined access authorization information using organization-defined security safeguards.,,,,,
AC-24(1),Access Control Decisions | Transmit Access Authorization Information,CCI-002353,Transmit organization-defined access authorization information using organization-defined controls to organization-defined systems that enforce access control decisions.,,,,,
AC-24(2),Access Control Decisions | No User or Process Identity,CCI-002354,"Defines the security attributes, not to include the identity of the user or process acting on behalf of the user, to be used as the basis for enforcing access control decisions.",,,,,
AC-24(2),Access Control Decisions | No User or Process Identity,CCI-002355,Enforce access control decisions based on organization-defined security or privacy attributes that do not include the identity of the user or process acting on behalf of the user.,,,,,
AC-24(2),Access Control Decisions | No User or Process Identity,CCI-003760,"Defines the privacy attributes, not to include the identity of the user or process acting on behalf of the user, to be used as the basis for enforcing access control decisions.",,,,,
AC-25,Reference Monitor,CCI-002356,Defines the access control policies to be implemented by the reference monitor.,,,,,
AC-25,Reference Monitor,CCI-002357,Implement a reference monitor for organization-defined access control policies that is tamperproof.,,,,,
AC-25,Reference Monitor,CCI-002358,Implement a reference monitor for organization-defined access control policies that is always invoked.,,,,,
AC-25,Reference Monitor,CCI-002359,"Implement a reference monitor for organization-defined access control policies that is small enough to be subject to analysis and testing, the completeness of which can be assured.",,,,,
